{"cameraMode":{"drawMode":0,"name":"Shaded","section":"Shading Mode"},"sceneLighting":false,"audioPlay":false,"sceneViewState":{"m_AlwaysRefresh":false,"showFog":true,"showSkybox":false,"showFlares":true,"showImageEffects":true,"showParticleSystems":true,"showVisualEffectGraphs":true,"m_FxEnabled":true},"in2DMode":false,"pivot":{"x":-5.960464477539063e-8,"y":-8.940696716308594e-8,"z":0.6737680435180664},"rotation":{"x":0.14629192650318147,"y":0.04894664138555527,"z":-0.0072473869659006599,"w":0.9880045056343079},"size":1.329703688621521,"orthographic":false}